onset	duration	movie_name
8.241638	121.034248	InsideOut.m4v
129.507874	120.494996	PrincessBride_cut.m4v
250.248457	118.446197	Up_cut.m4v
