onset	duration	movie_name
8.260674	121.192418	InsideOut.m4v
129.727041	120.388346	PrincessBride_cut.m4v
250.378328	118.351774	Up_cut.m4v
