onset	duration	movie_name
8.252118	121.180918	InsideOut.m4v
129.711188	120.376814	PrincessBride_cut.m4v
250.362396	118.350658	Up_cut.m4v
