onset	duration	movie_name
8.244228	121.048351	InsideOut.m4v
129.524051	120.496466	PrincessBride_cut.m4v
250.257344	118.454012	Up_cut.m4v
