onset	duration	movie_name
8.244846	121.047778	InsideOut.m4v
129.523839	120.496608	PrincessBride_cut.m4v
250.251585	118.443192	Up_cut.m4v
