onset	duration	movie_name
8.255337	121.193084	InsideOut.m4v
129.722265	120.378733	PrincessBride_cut.m4v
250.372016	118.347661	Up_cut.m4v
