onset	duration	movie_name
8.247073	121.044494	InsideOut.m4v
129.522250	120.496185	PrincessBride_cut.m4v
250.246439	118.445267	Up_cut.m4v
